filename,angle_gt,angle_pred,angle_err_deg,valid,gt_visible
312CL-700_yolo-_jpg.rf.666a451ae25146004cff89a4842f6517.jpg,338.3069164420396,22.45069544223196,44.14377900019235,1,1
img320-240-1-_bmp.rf.ba7e7f00021ca103e5eb882dc135635a.jpg,64.7966606293146,36.52846600963471,28.26819461967989,1,1
mono02791187-170901-02_yolo-_jpg.rf.e3e3501c58888b595acff25b39974371.jpg,61.78327375631102,34.08951160602305,27.693762150287967,1,1
mono32794937-130807-02_yolo-_jpg.rf.7b70d99185f4697a25d0f14c1b551cbc.jpg,84.61991378980423,177.54085383700544,92.92094004720121,1,1
